<?xml version="1.0" encoding="utf-8"?>
<configuration scan="true" scanPeriod="1 minute">
    <contextName>payment-app</contextName>

    <appender name="gelf" class="biz.paluch.logging.gelf.logback.GelfLogbackAppender">
        <host>${GRAYLOG_HOST}</host>
        <port>${GRAYLOG_PORT}</port>
        <originHost>payment-app-${ENVIRONMENT}${DR_FIELD}</originHost>
        <version>1.1</version>
        <facility>logstash-gelf</facility>
        <extractStackTrace>true</extractStackTrace>
        <filterStackTrace>true</filterStackTrace>
        <includeLocation>true</includeLocation>
        <mdcProfiling>true</mdcProfiling>
        <includeFullMdc>true</includeFullMdc>
        <timestampPattern>yyyy-MM-dd HH:mm:ss,SSS</timestampPattern>
        <maximumMessageSize>${GRAYLOG_MESSAGE_SIZE}</maximumMessageSize>
        <filter class="ch.qos.logback.classic.filter.ThresholdFilter">
            <level>ALL</level>
        </filter>
    </appender>

    <appender name="console"  class="ch.qos.logback.core.ConsoleAppender">
        <layout class="ch.qos.logback.classic.PatternLayout">
            <Pattern>
                %d{yyyy-MM-dd HH:mm:ss.SSS} [%thread] [%X{username:--}|%X{clientId:--}|%X{clientIp:--}|%X{httpSessionId:--}|%X{httpRequestId:--}] %-5level %logger{36} %C{0}.%M\(...\) \(%F:%L\) - %msg%n
            </Pattern>
        </layout>
    </appender>

    <root>
        <appender-ref ref="gelf"/>
        <appender-ref ref="console"/>
    </root>
</configuration>
