<?xml version="1.0" encoding="utf-8"?>
<configuration scan="true" scanPeriod="1 minute">
    <contextName>payment-api</contextName>

    <appender name="gelf" class="biz.paluch.logging.gelf.logback.GelfLogbackAppender">
        <host>${GRAYLOG_HOST}</host>
        <port>${GRAYLOG_PORT}</port>
        <originHost>payment-api-${ENVIRONMENT}${DR_FIELD}</originHost>
        <version>1.1</version>
        <facility>logstash-gelf</facility>
        <extractStackTrace>true</extractStackTrace>
        <filterStackTrace>true</filterStackTrace>
        <includeLocation>true</includeLocation>
        <mdcProfiling>true</mdcProfiling>
        <includeFullMdc>true</includeFullMdc>
        <mdcFields>response-time,api-method</mdcFields>
        <timestampPattern>yyyy-MM-dd HH:mm:ss,SSS</timestampPattern>
        <maximumMessageSize>${GRAYLOG_MESSAGE_SIZE}</maximumMessageSize>
        <filter class="ch.qos.logback.classic.filter.ThresholdFilter">
            <level>ALL</level>
        </filter>
    </appender>

    <appender name="STDOUT" class="ch.qos.logback.core.ConsoleAppender">
        <encoder>
            <pattern>%d{yyyy-MM-dd HH:mm:ss.SSS} [%thread] [%X{req.requestId:--} | %X{req.sessionId:--}] %-5level %logger{36} %C{0}.%M\(...\) \(%F:%L\) - %msg%n</pattern>
        </encoder>
    </appender>

    <root>
        <appender-ref ref="STDOUT"/>
        <appender-ref ref="gelf"/>
    </root>
</configuration>
