<?xml version="1.0" encoding="UTF-8"?>
<tns:Configuration hierarchy="ru" description="Russia"
                   xmlns:tns="http://www.example.org/Holiday" xmlns:xsi="http://www.w3.org/2001/XMLSchema-instance"
                   xsi:schemaLocation="http://www.example.org/Holiday Holiday.xsd">
    <tns:Holidays>
        <tns:Fixed month="JANUARY" day="1" />
        <tns:Fixed month="JANUARY" day="2" />
        <tns:Fixed month="JANUARY" day="3" />
        <tns:Fixed month="JANUARY" day="6" />
        <tns:Fixed month="JANUARY" day="7" />
        <tns:Fixed month="JANUARY" day="8" />
        <tns:Fixed month="FEBRUARY" day="24" />
        <tns:Fixed month="MARCH" day="9" />
        <tns:Fixed month="MAY" day="1" />
        <tns:Fixed month="MAY" day="4" />
        <tns:Fixed month="MAY" day="5" />
        <tns:Fixed month="MAY" day="11" />
        <tns:Fixed month="JUNE" day="12" />
        <tns:Fixed month="NOVEMBER" day="4" />
    </tns:Holidays>
</tns:Configuration>